Time,RR interval,HRV,Heart Rate
530.054,0.824,824.0,72.81553398058253
530.928,0.874,874.0,68.64988558352404
531.757,0.829,829.0,72.37635705669481
532.614,0.857,857.0,70.01166861143524
533.524,0.91,910.0,65.93406593406593
534.378,0.854,854.0,70.2576112412178
535.183,0.805,805.0,74.53416149068322
535.995,0.812,812.0,73.89162561576353
536.756,0.761,761.0,78.84362680683311
537.485,0.729,729.0,82.3045267489712
538.297,0.812,812.0,73.89162561576353
539.142,0.845,845.0,71.00591715976331
539.926,0.784,784.0,76.53061224489795
540.721,0.795,795.0,75.47169811320754
541.539,0.818,818.0,73.34963325183375
542.257,0.718,718.0,83.56545961002786
542.945,0.688,688.0,87.2093023255814
543.642,0.697,697.0,86.08321377331421
544.42,0.778,778.0,77.12082262210797
545.233,0.813,813.0,73.80073800738008
546.006,0.773,773.0,77.61966364812419
546.806,0.8,800.0,75.0
547.651,0.845,845.0,71.00591715976331
548.471,0.82,820.0,73.17073170731707
549.194,0.723,723.0,82.98755186721992
550.014,0.82,820.0,73.17073170731707
550.851,0.837,837.0,71.68458781362008
551.643,0.792,792.0,75.75757575757575
552.348,0.705,705.0,85.1063829787234
553.142,0.794,794.0,75.56675062972292
553.988,0.846,846.0,70.92198581560284
554.795,0.807,807.0,74.34944237918215
555.507,0.712,712.0,84.26966292134833
556.321,0.814,814.0,73.71007371007371
557.195,0.874,874.0,68.64988558352404
558.046,0.851,851.0,70.50528789659224
558.812,0.766,766.0,78.3289817232376
559.583,0.771,771.0,77.82101167315176
560.417,0.834,834.0,71.94244604316548
561.254,0.837,837.0,71.68458781362008
562.048,0.794,794.0,75.56675062972292
562.887,0.839,839.0,71.51370679380214
563.746,0.859,859.0,69.84866123399303
564.554,0.808,808.0,74.25742574257426
565.284,0.73,730.0,82.1917808219178
566.112,0.828,828.0,72.46376811594203
566.963,0.851,851.0,70.50528789659224
567.78,0.817,817.0,73.43941248470013
568.544,0.764,764.0,78.53403141361257
569.39,0.846,846.0,70.92198581560284
570.251,0.861,861.0,69.68641114982579
571.036,0.785,785.0,76.43312101910827
571.801,0.765,765.0,78.43137254901961
572.593,0.792,792.0,75.75757575757575
573.386,0.793,793.0,75.66204287515762
574.144,0.758,758.0,79.15567282321899
574.951,0.807,807.0,74.34944237918215
575.84,0.889,889.0,67.49156355455568
576.696,0.856,856.0,70.09345794392523
577.483,0.787,787.0,76.23888182973316
578.367,0.884,884.0,67.87330316742081
579.255,0.888,888.0,67.56756756756756
580.103,0.848,848.0,70.75471698113208
580.963,0.86,860.0,69.76744186046513
581.85,0.887,887.0,67.64374295377677
582.671,0.821,821.0,73.0816077953715
583.492,0.821,821.0,73.0816077953715
584.391,0.899,899.0,66.74082313681868
585.297,0.906,906.0,66.2251655629139
586.109,0.812,812.0,73.89162561576353
587.001,0.892,892.0,67.26457399103138
587.924,0.923,923.0,65.00541711809318
588.762,0.838,838.0,71.59904534606206
589.668,0.906,906.0,66.2251655629139
590.585,0.917,917.0,65.43075245365321
591.417,0.832,832.0,72.11538461538461
592.339,0.922,922.0,65.07592190889372
593.267,0.928,928.0,64.6551724137931
594.101,0.834,834.0,71.94244604316548
594.969,0.868,868.0,69.12442396313365
595.875,0.906,906.0,66.2251655629139
596.733,0.858,858.0,69.93006993006993
597.509,0.776,776.0,77.31958762886597
598.396,0.887,887.0,67.64374295377677
599.303,0.907,907.0,66.1521499448732
600.117,0.814,814.0,73.71007371007371
601.015,0.898,898.0,66.81514476614699
601.905,0.89,890.0,67.41573033707866
602.716,0.811,811.0,73.98273736128236
603.562,0.846,846.0,70.92198581560284
604.463,0.901,901.0,66.59267480577137
605.318,0.855,855.0,70.17543859649122
606.11,0.792,792.0,75.75757575757575
606.993,0.883,883.0,67.95016987542469
607.913,0.92,920.0,65.21739130434783
608.749,0.836,836.0,71.77033492822967
609.637,0.888,888.0,67.56756756756756
610.581,0.944,944.0,63.55932203389831
611.466,0.885,885.0,67.79661016949153
612.286,0.82,820.0,73.17073170731707
613.17,0.884,884.0,67.87330316742081
614.05,0.88,880.0,68.18181818181819
614.842,0.792,792.0,75.75757575757575
615.701,0.859,859.0,69.84866123399303
616.57,0.869,869.0,69.04487917146145
617.403,0.833,833.0,72.02881152460985
618.259,0.856,856.0,70.09345794392523
619.176,0.917,917.0,65.43075245365321
620.056,0.88,880.0,68.18181818181819
620.909,0.853,853.0,70.33997655334116
621.82,0.911,911.0,65.86169045005488
622.758,0.938,938.0,63.96588486140725
623.579,0.821,821.0,73.0816077953715
624.459,0.88,880.0,68.18181818181819
625.362,0.903,903.0,66.44518272425249
626.172,0.81,810.0,74.07407407407408
627.02,0.848,848.0,70.75471698113208
627.921,0.901,901.0,66.59267480577137
628.745,0.824,824.0,72.81553398058253
629.619,0.874,874.0,68.64988558352404
630.549,0.93,930.0,64.51612903225806
631.406,0.857,857.0,70.01166861143524
632.278,0.872,872.0,68.80733944954129
633.234,0.956,956.0,62.76150627615063
634.123,0.889,889.0,67.49156355455568
634.943,0.82,820.0,73.17073170731707
635.838,0.895,895.0,67.0391061452514
636.744,0.906,906.0,66.2251655629139
637.551,0.807,807.0,74.34944237918215
638.413,0.862,862.0,69.60556844547564
639.328,0.915,915.0,65.57377049180327
640.145,0.817,817.0,73.43941248470013
641.013,0.868,868.0,69.12442396313365
641.937,0.924,924.0,64.93506493506493
642.789,0.852,852.0,70.42253521126761
643.636,0.847,847.0,70.83825265643448
644.563,0.927,927.0,64.72491909385113
645.481,0.918,918.0,65.359477124183
646.3,0.819,819.0,73.26007326007327
647.201,0.901,901.0,66.59267480577137
648.1,0.899,899.0,66.74082313681868
648.917,0.817,817.0,73.43941248470013
649.788,0.871,871.0,68.88633754305395
650.67,0.882,882.0,68.02721088435374
651.463,0.793,793.0,75.66204287515762
652.294,0.831,831.0,72.20216606498195
653.198,0.904,904.0,66.3716814159292
654.075,0.877,877.0,68.41505131128848
654.885,0.81,810.0,74.07407407407408
655.818,0.933,933.0,64.30868167202573
656.756,0.938,938.0,63.96588486140725
657.613,0.857,857.0,70.01166861143524
658.546,0.933,933.0,64.30868167202573
659.485,0.939,939.0,63.89776357827476
660.32,0.835,835.0,71.8562874251497
661.203,0.883,883.0,67.95016987542469
662.122,0.919,919.0,65.28835690968444
662.966,0.844,844.0,71.09004739336493
663.864,0.898,898.0,66.81514476614699
664.827,0.963,963.0,62.30529595015576
665.753,0.926,926.0,64.79481641468682
666.582,0.829,829.0,72.37635705669481
667.506,0.924,924.0,64.93506493506493
668.467,0.961,961.0,62.434963579604585
669.331,0.864,864.0,69.44444444444444
670.256,0.925,925.0,64.86486486486486
671.182,0.926,926.0,64.79481641468682
672.042,0.86,860.0,69.76744186046513
672.976,0.934,934.0,64.23982869379014
673.916,0.94,940.0,63.82978723404256
674.701,0.785,785.0,76.43312101910827
675.572,0.871,871.0,68.88633754305395
676.475,0.903,903.0,66.44518272425249
677.308,0.833,833.0,72.02881152460985
678.188,0.88,880.0,68.18181818181819
679.163,0.975,975.0,61.53846153846155
680.062,0.899,899.0,66.74082313681868
680.898,0.836,836.0,71.77033492822967
681.797,0.899,899.0,66.74082313681868
682.721,0.924,924.0,64.93506493506493
683.547,0.826,826.0,72.63922518159806
684.417,0.87,870.0,68.9655172413793
685.312,0.895,895.0,67.0391061452514
686.135,0.823,823.0,72.90400972053463
686.987,0.852,852.0,70.42253521126761
687.883,0.896,896.0,66.96428571428572
688.764,0.881,881.0,68.1044267877412
689.583,0.819,819.0,73.26007326007327
690.478,0.895,895.0,67.0391061452514
691.371,0.893,893.0,67.18924972004478
692.172,0.801,801.0,74.9063670411985
693.014,0.842,842.0,71.25890736342042
693.88,0.866,866.0,69.28406466512702
694.622,0.742,742.0,80.86253369272237
695.472,0.85,850.0,70.58823529411765
696.352,0.88,880.0,68.18181818181819
697.154,0.802,802.0,74.81296758104737
697.934,0.78,780.0,76.92307692307692
698.828,0.894,894.0,67.11409395973155
699.688,0.86,860.0,69.76744186046513
700.422,0.734,734.0,81.74386920980928
701.324,0.902,902.0,66.51884700665188
702.244,0.92,920.0,65.21739130434783
703.088,0.844,844.0,71.09004739336493
703.986,0.898,898.0,66.81514476614699
704.908,0.922,922.0,65.07592190889372
705.754,0.846,846.0,70.92198581560284
706.615,0.861,861.0,69.68641114982579
707.502,0.887,887.0,67.64374295377677
708.326,0.824,824.0,72.81553398058253
709.139,0.813,813.0,73.80073800738008
710.038,0.899,899.0,66.74082313681868
710.941,0.903,903.0,66.44518272425249
711.755,0.814,814.0,73.71007371007371
712.638,0.883,883.0,67.95016987542469
713.54,0.902,902.0,66.51884700665188
714.37,0.83,830.0,72.28915662650603
715.284,0.914,914.0,65.64551422319474
716.197,0.913,913.0,65.71741511500548
717.039,0.842,842.0,71.25890736342042
717.94,0.901,901.0,66.59267480577137
718.872,0.932,932.0,64.37768240343347
719.708,0.836,836.0,71.77033492822967
720.575,0.867,867.0,69.20415224913495
721.521,0.946,946.0,63.424947145877375
722.366,0.845,845.0,71.00591715976331
723.217,0.851,851.0,70.50528789659224
724.097,0.88,880.0,68.18181818181819
724.903,0.806,806.0,74.44168734491315
725.653,0.75,750.0,80.0
726.527,0.874,874.0,68.64988558352404
727.353,0.826,826.0,72.63922518159806
728.142,0.789,789.0,76.04562737642584
728.848,0.706,706.0,84.985835694051
729.594,0.746,746.0,80.4289544235925
730.467,0.873,873.0,68.72852233676976
731.281,0.814,814.0,73.71007371007371
732.133,0.852,852.0,70.42253521126761
733.054,0.921,921.0,65.14657980456026
733.896,0.842,842.0,71.25890736342042
734.745,0.849,849.0,70.67137809187278
735.638,0.893,893.0,67.18924972004478
736.491,0.853,853.0,70.33997655334116
737.265,0.774,774.0,77.51937984496124
738.153,0.888,888.0,67.56756756756756
739.054,0.901,901.0,66.59267480577137
739.868,0.814,814.0,73.71007371007371
740.777,0.909,909.0,66.00660066006601
741.713,0.936,936.0,64.1025641025641
742.527,0.814,814.0,73.71007371007371
743.419,0.892,892.0,67.26457399103138
744.35,0.931,931.0,64.4468313641246
745.206,0.856,856.0,70.09345794392523
746.088,0.882,882.0,68.02721088435374
747.01,0.922,922.0,65.07592190889372
747.857,0.847,847.0,70.83825265643448
748.721,0.864,864.0,69.44444444444444
749.653,0.932,932.0,64.37768240343347
750.517,0.864,864.0,69.44444444444444
751.33,0.813,813.0,73.80073800738008
752.235,0.905,905.0,66.29834254143647
753.131,0.896,896.0,66.96428571428572
753.942,0.811,811.0,73.98273736128236
754.814,0.872,872.0,68.80733944954129
755.764,0.95,950.0,63.1578947368421
756.624,0.86,860.0,69.76744186046513
757.424,0.8,800.0,75.0
758.293,0.869,869.0,69.04487917146145
759.179,0.886,886.0,67.72009029345372
760.005,0.826,826.0,72.63922518159806
760.896,0.891,891.0,67.34006734006734
761.804,0.908,908.0,66.07929515418502
762.612,0.808,808.0,74.25742574257426
763.485,0.873,873.0,68.72852233676976
764.387,0.902,902.0,66.51884700665188
765.189,0.802,802.0,74.81296758104737
765.979,0.79,790.0,75.94936708860759
766.846,0.867,867.0,69.20415224913495
767.697,0.851,851.0,70.50528789659224
768.437,0.74,740.0,81.08108108108108
769.311,0.874,874.0,68.64988558352404
770.227,0.916,916.0,65.50218340611353
771.073,0.846,846.0,70.92198581560284
771.954,0.881,881.0,68.1044267877412
772.86,0.906,906.0,66.2251655629139
773.689,0.829,829.0,72.37635705669481
774.504,0.815,815.0,73.61963190184049
775.356,0.852,852.0,70.42253521126761
776.179,0.823,823.0,72.90400972053463
776.935,0.756,756.0,79.36507936507937
777.849,0.914,914.0,65.64551422319474
778.771,0.922,922.0,65.07592190889372
779.611,0.84,840.0,71.42857142857143
780.47,0.859,859.0,69.84866123399303
781.389,0.919,919.0,65.28835690968444
782.22,0.831,831.0,72.20216606498195
783.023,0.803,803.0,74.719800747198
783.906,0.883,883.0,67.95016987542469
784.796,0.89,890.0,67.41573033707866
785.612,0.816,816.0,73.52941176470588
786.468,0.856,856.0,70.09345794392523
787.374,0.906,906.0,66.2251655629139
788.22,0.846,846.0,70.92198581560284
789.07,0.85,850.0,70.58823529411765
790.0,0.93,930.0,64.51612903225806
790.896,0.896,896.0,66.96428571428572
791.697,0.801,801.0,74.9063670411985
792.574,0.877,877.0,68.41505131128848
793.499,0.925,925.0,64.86486486486486
794.322,0.823,823.0,72.90400972053463
795.161,0.839,839.0,71.51370679380214
796.067,0.906,906.0,66.2251655629139
796.938,0.871,871.0,68.88633754305395
797.753,0.815,815.0,73.61963190184049
798.643,0.89,890.0,67.41573033707866
799.53,0.887,887.0,67.64374295377677
800.325,0.795,795.0,75.47169811320754
801.142,0.817,817.0,73.43941248470013
802.027,0.885,885.0,67.79661016949153
802.887,0.86,860.0,69.76744186046513
803.652,0.765,765.0,78.43137254901961
804.56,0.908,908.0,66.07929515418502
805.472,0.912,912.0,65.78947368421052
806.299,0.827,827.0,72.55139056831923
807.181,0.882,882.0,68.02721088435374
808.092,0.911,911.0,65.86169045005488
808.94,0.848,848.0,70.75471698113208
809.78,0.84,840.0,71.42857142857143
810.656,0.876,876.0,68.4931506849315
811.498,0.842,842.0,71.25890736342042
812.231,0.733,733.0,81.85538881309687
813.085,0.854,854.0,70.2576112412178
813.951,0.866,866.0,69.28406466512702
814.735,0.784,784.0,76.53061224489795
815.515,0.78,780.0,76.92307692307692
816.424,0.909,909.0,66.00660066006601
817.357,0.933,933.0,64.30868167202573
818.192,0.835,835.0,71.8562874251497
819.08,0.888,888.0,67.56756756756756
819.968,0.888,888.0,67.56756756756756
820.773,0.805,805.0,74.53416149068322
821.586,0.813,813.0,73.80073800738008
822.422,0.836,836.0,71.77033492822967
823.201,0.779,779.0,77.02182284980745
823.939,0.738,738.0,81.30081300813008
824.8,0.861,861.0,69.68641114982579
825.676,0.876,876.0,68.4931506849315
826.47,0.794,794.0,75.56675062972292
827.334,0.864,864.0,69.44444444444444
828.275,0.941,941.0,63.76195536663125
829.14,0.865,865.0,69.36416184971098
829.938,0.798,798.0,75.18796992481202
830.804,0.866,866.0,69.28406466512702
831.701,0.897,897.0,66.88963210702342
832.511,0.81,810.0,74.07407407407408
833.356,0.845,845.0,71.00591715976331
834.233,0.877,877.0,68.41505131128848
835.039,0.806,806.0,74.44168734491315
835.797,0.758,758.0,79.15567282321899
836.71,0.913,913.0,65.71741511500548
837.619,0.909,909.0,66.00660066006601
838.439,0.82,820.0,73.17073170731707
839.301,0.862,862.0,69.60556844547564
840.201,0.9,900.0,66.66666666666667
841.02,0.819,819.0,73.26007326007327
841.868,0.848,848.0,70.75471698113208
842.779,0.911,911.0,65.86169045005488
843.635,0.856,856.0,70.09345794392523
844.426,0.791,791.0,75.85335018963337
845.269,0.843,843.0,71.17437722419929
846.121,0.852,852.0,70.42253521126761
846.911,0.79,790.0,75.94936708860759
847.737,0.826,826.0,72.63922518159806
848.587,0.85,850.0,70.58823529411765
849.376,0.789,789.0,76.04562737642584
850.086,0.71,710.0,84.50704225352113
850.888,0.802,802.0,74.81296758104737
851.581,0.693,693.0,86.58008658008659
852.248,0.667,667.0,89.95502248875562
852.923,0.675,675.0,88.88888888888889
853.63,0.707,707.0,84.86562942008487
854.508,0.878,878.0,68.3371298405467
855.37,0.862,862.0,69.60556844547564
856.172,0.802,802.0,74.81296758104737
857.026,0.854,854.0,70.2576112412178
857.914,0.888,888.0,67.56756756756756
858.748,0.834,834.0,71.94244604316548
859.474,0.726,726.0,82.64462809917356
860.285,0.811,811.0,73.98273736128236
861.115,0.83,830.0,72.28915662650603
861.909,0.794,794.0,75.56675062972292
862.626,0.717,717.0,83.68200836820084
863.51,0.884,884.0,67.87330316742081
864.43,0.92,920.0,65.21739130434783
865.263,0.833,833.0,72.02881152460985
866.116,0.853,853.0,70.33997655334116
867.01,0.894,894.0,67.11409395973155
867.815,0.805,805.0,74.53416149068322
868.667,0.852,852.0,70.42253521126761
869.565,0.898,898.0,66.81514476614699
870.457,0.892,892.0,67.26457399103138
871.292,0.835,835.0,71.8562874251497
872.199,0.907,907.0,66.1521499448732
873.136,0.937,937.0,64.03415154749199
873.989,0.853,853.0,70.33997655334116
874.846,0.857,857.0,70.01166861143524
875.771,0.925,925.0,64.86486486486486
876.663,0.892,892.0,67.26457399103138
877.428,0.765,765.0,78.43137254901961
878.314,0.886,886.0,67.72009029345372
879.214,0.9,900.0,66.66666666666667
880.055,0.841,841.0,71.3436385255648
880.903,0.848,848.0,70.75471698113208
881.782,0.879,879.0,68.25938566552901
882.664,0.882,882.0,68.02721088435374
883.449,0.785,785.0,76.43312101910827
884.308,0.859,859.0,69.84866123399303
885.22,0.912,912.0,65.78947368421052
886.041,0.821,821.0,73.0816077953715
886.882,0.841,841.0,71.3436385255648
887.798,0.916,916.0,65.50218340611353
888.673,0.875,875.0,68.57142857142857
889.464,0.791,791.0,75.85335018963337
890.341,0.877,877.0,68.41505131128848
891.244,0.903,903.0,66.44518272425249
892.063,0.819,819.0,73.26007326007327
892.926,0.863,863.0,69.52491309385863
893.847,0.921,921.0,65.14657980456026
894.701,0.854,854.0,70.2576112412178
895.454,0.753,753.0,79.6812749003984
896.318,0.864,864.0,69.44444444444444
897.198,0.88,880.0,68.18181818181819
898.014,0.816,816.0,73.52941176470588
898.858,0.844,844.0,71.09004739336493
899.772,0.914,914.0,65.64551422319474
900.647,0.875,875.0,68.57142857142857
901.455,0.808,808.0,74.25742574257426
902.344,0.889,889.0,67.49156355455568
903.234,0.89,890.0,67.41573033707866
904.043,0.809,809.0,74.1656365883807
904.871,0.828,828.0,72.46376811594203
905.724,0.853,853.0,70.33997655334116
906.541,0.817,817.0,73.43941248470013
907.271,0.73,730.0,82.1917808219178
908.14,0.869,869.0,69.04487917146145
909.011,0.871,871.0,68.88633754305395
909.802,0.791,791.0,75.85335018963337
910.64,0.838,838.0,71.59904534606206
911.524,0.884,884.0,67.87330316742081
912.331,0.807,807.0,74.34944237918215
913.116,0.785,785.0,76.43312101910827
913.961,0.845,845.0,71.00591715976331
914.822,0.861,861.0,69.68641114982579
915.607,0.785,785.0,76.43312101910827
916.395,0.788,788.0,76.14213197969544
917.219,0.824,824.0,72.81553398058253
918.047,0.828,828.0,72.46376811594203
918.818,0.771,771.0,77.82101167315176
919.643,0.825,825.0,72.72727272727273
920.528,0.885,885.0,67.79661016949153
921.352,0.824,824.0,72.81553398058253
922.13,0.778,778.0,77.12082262210797
922.972,0.842,842.0,71.25890736342042
923.815,0.843,843.0,71.17437722419929
924.593,0.778,778.0,77.12082262210797
925.38,0.787,787.0,76.23888182973316
926.242,0.862,862.0,69.60556844547564
927.091,0.849,849.0,70.67137809187278
927.872,0.781,781.0,76.82458386683739
928.713,0.841,841.0,71.3436385255648
929.597,0.884,884.0,67.87330316742081
930.411,0.814,814.0,73.71007371007371
931.184,0.773,773.0,77.61966364812419
932.055,0.871,871.0,68.88633754305395
932.921,0.866,866.0,69.28406466512702
933.707,0.786,786.0,76.33587786259542
934.485,0.778,778.0,77.12082262210797
935.313,0.828,828.0,72.46376811594203
936.162,0.849,849.0,70.67137809187278
936.936,0.774,774.0,77.51937984496124
937.753,0.817,817.0,73.43941248470013
938.645,0.892,892.0,67.26457399103138
939.501,0.856,856.0,70.09345794392523
940.298,0.797,797.0,75.28230865746549
941.155,0.857,857.0,70.01166861143524
942.047,0.892,892.0,67.26457399103138
942.842,0.795,795.0,75.47169811320754
943.662,0.82,820.0,73.17073170731707
944.508,0.846,846.0,70.92198581560284
945.345,0.837,837.0,71.68458781362008
946.087,0.742,742.0,80.86253369272237
946.944,0.857,857.0,70.01166861143524
947.839,0.895,895.0,67.0391061452514
948.68,0.841,841.0,71.3436385255648
949.519,0.839,839.0,71.51370679380214
950.439,0.92,920.0,65.21739130434783
951.346,0.907,907.0,66.1521499448732
952.167,0.821,821.0,73.0816077953715
953.011,0.844,844.0,71.09004739336493
953.915,0.904,904.0,66.3716814159292
954.754,0.839,839.0,71.51370679380214
955.509,0.755,755.0,79.47019867549669
956.403,0.894,894.0,67.11409395973155
957.299,0.896,896.0,66.96428571428572
958.11,0.811,811.0,73.98273736128236
958.927,0.817,817.0,73.43941248470013
959.802,0.875,875.0,68.57142857142857
960.652,0.85,850.0,70.58823529411765
961.441,0.789,789.0,76.04562737642584
962.263,0.822,822.0,72.99270072992701
963.155,0.892,892.0,67.26457399103138
963.994,0.839,839.0,71.51370679380214
964.741,0.747,747.0,80.32128514056225
965.614,0.873,873.0,68.72852233676976
966.484,0.87,870.0,68.9655172413793
967.266,0.782,782.0,76.72634271099744
968.052,0.786,786.0,76.33587786259542
968.926,0.874,874.0,68.64988558352404
969.783,0.857,857.0,70.01166861143524
970.568,0.785,785.0,76.43312101910827
971.417,0.849,849.0,70.67137809187278
972.312,0.895,895.0,67.0391061452514
973.155,0.843,843.0,71.17437722419929
974.017,0.862,862.0,69.60556844547564
974.925,0.908,908.0,66.07929515418502
975.763,0.838,838.0,71.59904534606206
976.512,0.749,749.0,80.1068090787717
977.353,0.841,841.0,71.3436385255648
978.183,0.83,830.0,72.28915662650603
978.922,0.739,739.0,81.19079837618403
979.717,0.795,795.0,75.47169811320754
980.62,0.903,903.0,66.44518272425249
981.511,0.891,891.0,67.34006734006734
982.32,0.809,809.0,74.1656365883807
983.176,0.856,856.0,70.09345794392523
984.057,0.881,881.0,68.1044267877412
984.865,0.808,808.0,74.25742574257426
985.6,0.735,735.0,81.63265306122449
986.478,0.878,878.0,68.3371298405467
987.322,0.844,844.0,71.09004739336493
988.056,0.734,734.0,81.74386920980928
988.835,0.779,779.0,77.02182284980745
989.659,0.824,824.0,72.81553398058253
990.463,0.804,804.0,74.62686567164178
991.2,0.737,737.0,81.4111261872456
992.028,0.828,828.0,72.46376811594203
992.876,0.848,848.0,70.75471698113208
993.718,0.842,842.0,71.25890736342042
994.504,0.786,786.0,76.33587786259542
995.348,0.844,844.0,71.09004739336493
996.199,0.851,851.0,70.50528789659224
996.961,0.762,762.0,78.74015748031496
997.742,0.781,781.0,76.82458386683739
998.525,0.783,783.0,76.62835249042146
999.32,0.795,795.0,75.47169811320754
1000.032,0.712,712.0,84.26966292134833
1000.796,0.764,764.0,78.53403141361257
1001.584,0.788,788.0,76.14213197969544
1002.399,0.815,815.0,73.61963190184049
1003.154,0.755,755.0,79.47019867549669
1003.935,0.781,781.0,76.82458386683739
1004.749,0.814,814.0,73.71007371007371
1005.551,0.802,802.0,74.81296758104737
1006.239,0.688,688.0,87.2093023255814
1007.025,0.786,786.0,76.33587786259542
1007.83,0.805,805.0,74.53416149068322
1008.622,0.792,792.0,75.75757575757575
1009.31,0.688,688.0,87.2093023255814
1010.118,0.808,808.0,74.25742574257426
1010.949,0.831,831.0,72.20216606498195
1011.724,0.775,775.0,77.41935483870968
1012.408,0.684,684.0,87.71929824561403
1013.238,0.83,830.0,72.28915662650603
1014.074,0.836,836.0,71.77033492822967
1014.86,0.786,786.0,76.33587786259542
1015.576,0.716,716.0,83.79888268156424
1016.413,0.837,837.0,71.68458781362008
1017.193,0.78,780.0,76.92307692307692
1017.901,0.708,708.0,84.74576271186442
1018.687,0.786,786.0,76.33587786259542
1019.494,0.807,807.0,74.34944237918215
1020.288,0.794,794.0,75.56675062972292
1020.981,0.693,693.0,86.58008658008659
1021.797,0.816,816.0,73.52941176470588
1022.646,0.849,849.0,70.67137809187278
1023.436,0.79,790.0,75.94936708860759
1024.22,0.784,784.0,76.53061224489795
1025.05,0.83,830.0,72.28915662650603
1025.883,0.833,833.0,72.02881152460985
1026.666,0.783,783.0,76.62835249042146
1027.479,0.813,813.0,73.80073800738008
1028.367,0.888,888.0,67.56756756756756
1029.218,0.851,851.0,70.50528789659224
1029.964,0.746,746.0,80.4289544235925
1030.826,0.862,862.0,69.60556844547564
1031.653,0.827,827.0,72.55139056831923
1032.441,0.788,788.0,76.14213197969544
1033.292,0.851,851.0,70.50528789659224
1034.174,0.882,882.0,68.02721088435374
1035.021,0.847,847.0,70.83825265643448
1035.772,0.751,751.0,79.89347536617844
1036.657,0.885,885.0,67.79661016949153
1037.533,0.876,876.0,68.4931506849315
1038.356,0.823,823.0,72.90400972053463
1039.233,0.877,877.0,68.41505131128848
1040.129,0.896,896.0,66.96428571428572
1040.957,0.828,828.0,72.46376811594203
1041.702,0.745,745.0,80.53691275167786
1042.529,0.827,827.0,72.55139056831923
1043.223,0.694,694.0,86.45533141210376
1043.89,0.667,667.0,89.95502248875562
1044.579,0.689,689.0,87.08272859216257
1045.431,0.852,852.0,70.42253521126761
1046.318,0.887,887.0,67.64374295377677
1047.126,0.808,808.0,74.25742574257426
1047.972,0.846,846.0,70.92198581560284
1048.85,0.878,878.0,68.3371298405467
1049.661,0.811,811.0,73.98273736128236
1050.397,0.736,736.0,81.52173913043478
1051.253,0.856,856.0,70.09345794392523
1052.104,0.851,851.0,70.50528789659224
1052.897,0.793,793.0,75.66204287515762
1053.712,0.815,815.0,73.61963190184049
1054.579,0.867,867.0,69.20415224913495
1055.469,0.89,890.0,67.41573033707866
1056.278,0.809,809.0,74.1656365883807
1057.163,0.885,885.0,67.79661016949153
1058.077,0.914,914.0,65.64551422319474
1058.906,0.829,829.0,72.37635705669481
1059.678,0.772,772.0,77.720207253886
1060.555,0.877,877.0,68.41505131128848
1061.416,0.861,861.0,69.68641114982579
1062.219,0.803,803.0,74.719800747198
1063.11,0.891,891.0,67.34006734006734
1064.048,0.938,938.0,63.96588486140725
1064.929,0.881,881.0,68.1044267877412
1065.783,0.854,854.0,70.2576112412178
1066.708,0.925,925.0,64.86486486486486
1067.626,0.918,918.0,65.359477124183
1068.461,0.835,835.0,71.8562874251497
1069.333,0.872,872.0,68.80733944954129
1070.239,0.906,906.0,66.2251655629139
1071.112,0.873,873.0,68.72852233676976
1071.91,0.798,798.0,75.18796992481202
1072.775,0.865,865.0,69.36416184971098
1073.697,0.922,922.0,65.07592190889372
1074.554,0.857,857.0,70.01166861143524
1075.426,0.872,872.0,68.80733944954129
1076.337,0.911,911.0,65.86169045005488
1077.225,0.888,888.0,67.56756756756756
1078.041,0.816,816.0,73.52941176470588
1078.914,0.873,873.0,68.72852233676976
1079.835,0.921,921.0,65.14657980456026
1080.698,0.863,863.0,69.52491309385863
1081.547,0.849,849.0,70.67137809187278
1082.457,0.91,910.0,65.93406593406593
1083.402,0.945,945.0,63.4920634920635
1084.251,0.849,849.0,70.67137809187278
1085.134,0.883,883.0,67.95016987542469
1086.06,0.926,926.0,64.79481641468682
1086.964,0.904,904.0,66.3716814159292
1087.731,0.767,767.0,78.22685788787484
1088.61,0.879,879.0,68.25938566552901
1089.544,0.934,934.0,64.23982869379014
1090.44,0.896,896.0,66.96428571428572
1091.285,0.845,845.0,71.00591715976331
1092.184,0.899,899.0,66.74082313681868
1093.072,0.888,888.0,67.56756756756756
1093.896,0.824,824.0,72.81553398058253
1094.77,0.874,874.0,68.64988558352404
1095.697,0.927,927.0,64.72491909385113
1096.596,0.899,899.0,66.74082313681868
1097.402,0.806,806.0,74.44168734491315
1098.266,0.864,864.0,69.44444444444444
1099.174,0.908,908.0,66.07929515418502
1100.034,0.86,860.0,69.76744186046513
1100.837,0.803,803.0,74.719800747198
1101.713,0.876,876.0,68.4931506849315
1102.608,0.895,895.0,67.0391061452514
1103.413,0.805,805.0,74.53416149068322
1104.221,0.808,808.0,74.25742574257426
1105.101,0.88,880.0,68.18181818181819
1105.982,0.881,881.0,68.1044267877412
1106.774,0.792,792.0,75.75757575757575
1107.618,0.844,844.0,71.09004739336493
1108.526,0.908,908.0,66.07929515418502
1109.423,0.897,897.0,66.88963210702342
1110.23,0.807,807.0,74.34944237918215
1111.064,0.834,834.0,71.94244604316548
1111.953,0.889,889.0,67.49156355455568
1112.814,0.861,861.0,69.68641114982579
1113.604,0.79,790.0,75.94936708860759
1114.455,0.851,851.0,70.50528789659224
1115.343,0.888,888.0,67.56756756756756
1116.174,0.831,831.0,72.20216606498195
1116.967,0.793,793.0,75.66204287515762
1117.821,0.854,854.0,70.2576112412178
1118.686,0.865,865.0,69.36416184971098
1119.48,0.794,794.0,75.56675062972292
1120.314,0.834,834.0,71.94244604316548
1121.212,0.898,898.0,66.81514476614699
1122.077,0.865,865.0,69.36416184971098
1122.853,0.776,776.0,77.31958762886597
1123.732,0.879,879.0,68.25938566552901
1124.623,0.891,891.0,67.34006734006734
1125.447,0.824,824.0,72.81553398058253
1126.148,0.701,701.0,85.59201141226819
1126.837,0.689,689.0,87.08272859216257
1127.601,0.764,764.0,78.53403141361257
1128.619,1.018,1018.0,58.93909626719057
1129.579,0.96,960.0,62.50000000000001
1130.518,0.939,939.0,63.89776357827476
1131.434,0.916,916.0,65.50218340611353
1132.362,0.928,928.0,64.6551724137931
1133.258,0.896,896.0,66.96428571428572
1134.077,0.819,819.0,73.26007326007327
1134.935,0.858,858.0,69.93006993006993
1135.821,0.886,886.0,67.72009029345372
1136.63,0.809,809.0,74.1656365883807
1137.436,0.806,806.0,74.44168734491315
1138.313,0.877,877.0,68.41505131128848
1139.22,0.907,907.0,66.1521499448732
1140.058,0.838,838.0,71.59904534606206
1140.948,0.89,890.0,67.41573033707866
1141.815,0.867,867.0,69.20415224913495
1142.627,0.812,812.0,73.89162561576353
1143.481,0.854,854.0,70.2576112412178
1144.398,0.917,917.0,65.43075245365321
1145.258,0.86,860.0,69.76744186046513
1146.081,0.823,823.0,72.90400972053463
1147.009,0.928,928.0,64.6551724137931
1147.92,0.911,911.0,65.86169045005488
1148.775,0.855,855.0,70.17543859649122
1149.684,0.909,909.0,66.00660066006601
1150.616,0.932,932.0,64.37768240343347
1151.47,0.854,854.0,70.2576112412178
1152.353,0.883,883.0,67.95016987542469
1153.262,0.909,909.0,66.00660066006601
1154.133,0.871,871.0,68.88633754305395
1155.024,0.891,891.0,67.34006734006734
1155.94,0.916,916.0,65.50218340611353
1156.853,0.913,913.0,65.71741511500548
1157.703,0.85,850.0,70.58823529411765
1158.619,0.916,916.0,65.50218340611353
1159.534,0.915,915.0,65.57377049180327
1160.412,0.878,878.0,68.3371298405467
1161.324,0.912,912.0,65.78947368421052
1162.253,0.929,929.0,64.58557588805166
1163.083,0.83,830.0,72.28915662650603
1163.947,0.864,864.0,69.44444444444444
1164.807,0.86,860.0,69.76744186046513
1165.61,0.803,803.0,74.719800747198
1166.49,0.88,880.0,68.18181818181819
1167.38,0.89,890.0,67.41573033707866
1168.224,0.844,844.0,71.09004739336493
1169.12,0.896,896.0,66.96428571428572
1170.03,0.91,910.0,65.93406593406593
1170.871,0.841,841.0,71.3436385255648
1171.713,0.842,842.0,71.25890736342042
1172.545,0.832,832.0,72.11538461538461
1173.347,0.802,802.0,74.81296758104737
1174.077,0.73,730.0,82.1917808219178
1174.937,0.86,860.0,69.76744186046513
1175.808,0.871,871.0,68.88633754305395
1176.626,0.818,818.0,73.34963325183375
1177.487,0.861,861.0,69.68641114982579
1178.376,0.889,889.0,67.49156355455568
1179.248,0.872,872.0,68.80733944954129
1180.049,0.801,801.0,74.9063670411985
1180.909,0.86,860.0,69.76744186046513
1181.77,0.861,861.0,69.68641114982579
1182.543,0.773,773.0,77.61966364812419
1183.369,0.826,826.0,72.63922518159806
1184.241,0.872,872.0,68.80733944954129
1185.115,0.874,874.0,68.64988558352404
1185.915,0.8,800.0,75.0
1186.789,0.874,874.0,68.64988558352404
1187.707,0.918,918.0,65.359477124183
1188.613,0.906,906.0,66.2251655629139
1189.439,0.826,826.0,72.63922518159806
1190.317,0.878,878.0,68.3371298405467
1191.216,0.899,899.0,66.74082313681868
1192.047,0.831,831.0,72.20216606498195
1192.903,0.856,856.0,70.09345794392523
1193.792,0.889,889.0,67.49156355455568
1194.672,0.88,880.0,68.18181818181819
1195.473,0.801,801.0,74.9063670411985
1196.319,0.846,846.0,70.92198581560284
1197.197,0.878,878.0,68.3371298405467
1198.029,0.832,832.0,72.11538461538461
1198.761,0.732,732.0,81.9672131147541
1199.609,0.848,848.0,70.75471698113208
1200.441,0.832,832.0,72.11538461538461
1201.215,0.774,774.0,77.51937984496124
1202.032,0.817,817.0,73.43941248470013
1202.914,0.882,882.0,68.02721088435374
1203.738,0.824,824.0,72.81553398058253
1204.484,0.746,746.0,80.4289544235925
1205.32,0.836,836.0,71.77033492822967
1206.113,0.793,793.0,75.66204287515762
1206.827,0.714,714.0,84.03361344537817
1207.555,0.728,728.0,82.41758241758242
1208.333,0.778,778.0,77.12082262210797
1209.125,0.792,792.0,75.75757575757575
1209.878,0.753,753.0,79.6812749003984
1210.691,0.813,813.0,73.80073800738008
1211.544,0.853,853.0,70.33997655334116
1212.376,0.832,832.0,72.11538461538461
1213.177,0.801,801.0,74.9063670411985
1214.019,0.842,842.0,71.25890736342042
1214.851,0.832,832.0,72.11538461538461
1215.6,0.749,749.0,80.1068090787717
1216.389,0.789,789.0,76.04562737642584
1217.175,0.786,786.0,76.33587786259542
1217.959,0.784,784.0,76.53061224489795
1218.669,0.71,710.0,84.50704225352113
1219.432,0.763,763.0,78.63695937090432
1220.228,0.796,796.0,75.37688442211055
1221.036,0.808,808.0,74.25742574257426
1221.749,0.713,713.0,84.15147265077138
1222.544,0.795,795.0,75.47169811320754
1223.333,0.789,789.0,76.04562737642584
1224.118,0.785,785.0,76.43312101910827
1224.841,0.723,723.0,82.98755186721992
1225.615,0.774,774.0,77.51937984496124
1226.424,0.809,809.0,74.1656365883807
1227.224,0.8,800.0,75.0
1227.939,0.715,715.0,83.91608391608392
1228.722,0.783,783.0,76.62835249042146
1229.502,0.78,780.0,76.92307692307692
1230.276,0.774,774.0,77.51937984496124
1230.964,0.688,688.0,87.2093023255814
1231.753,0.789,789.0,76.04562737642584
1232.529,0.776,776.0,77.31958762886597
1233.238,0.709,709.0,84.6262341325811
1233.928,0.69,690.0,86.95652173913045
1234.687,0.759,759.0,79.05138339920948
1235.484,0.797,797.0,75.28230865746549
1236.222,0.738,738.0,81.30081300813008
1236.907,0.685,685.0,87.5912408759124
1237.72,0.813,813.0,73.80073800738008
1238.53,0.81,810.0,74.07407407407408
1239.254,0.724,724.0,82.87292817679558
1240.034,0.78,780.0,76.92307692307692
1240.855,0.821,821.0,73.0816077953715
1241.669,0.814,814.0,73.71007371007371
1242.388,0.719,719.0,83.44923504867873
1243.167,0.779,779.0,77.02182284980745
1243.941,0.774,774.0,77.51937984496124
1244.67,0.729,729.0,82.3045267489712
1245.372,0.702,702.0,85.47008547008548
1246.17,0.798,798.0,75.18796992481202
1246.98,0.81,810.0,74.07407407407408
1247.743,0.763,763.0,78.63695937090432
1248.524,0.781,781.0,76.82458386683739
1249.366,0.842,842.0,71.25890736342042
1250.156,0.79,790.0,75.94936708860759
1250.869,0.713,713.0,84.15147265077138
1251.717,0.848,848.0,70.75471698113208
1252.571,0.854,854.0,70.2576112412178
1253.37,0.799,799.0,75.09386733416771
1254.159,0.789,789.0,76.04562737642584
1254.959,0.8,800.0,75.0
1255.674,0.715,715.0,83.91608391608392
1256.458,0.784,784.0,76.53061224489795
1257.141,0.683,683.0,87.84773060029282
1257.798,0.657,657.0,91.324200913242
1258.452,0.654,654.0,91.74311926605505
1259.125,0.673,673.0,89.15304606240713
1259.991,0.866,866.0,69.28406466512702
1260.85,0.859,859.0,69.84866123399303
1261.59,0.74,740.0,81.08108108108108
1262.398,0.808,808.0,74.25742574257426
1263.233,0.835,835.0,71.8562874251497
1264.063,0.83,830.0,72.28915662650603
1264.813,0.75,750.0,80.0
1265.556,0.743,743.0,80.75370121130551
1266.388,0.832,832.0,72.11538461538461
1267.228,0.84,840.0,71.42857142857143
1267.975,0.747,747.0,80.32128514056225
1268.701,0.726,726.0,82.64462809917356
1269.479,0.778,778.0,77.12082262210797
1270.268,0.789,789.0,76.04562737642584
1271.022,0.754,754.0,79.57559681697613
1271.755,0.733,733.0,81.85538881309687
1272.613,0.858,858.0,69.93006993006993
1273.453,0.84,840.0,71.42857142857143
1274.189,0.736,736.0,81.52173913043478
1274.928,0.739,739.0,81.19079837618403
1275.741,0.813,813.0,73.80073800738008
1276.561,0.82,820.0,73.17073170731707
1277.277,0.716,716.0,83.79888268156424
1278.039,0.762,762.0,78.74015748031496
1278.858,0.819,819.0,73.26007326007327
1279.686,0.828,828.0,72.46376811594203
1280.416,0.73,730.0,82.1917808219178
1281.132,0.716,716.0,83.79888268156424
1281.918,0.786,786.0,76.33587786259542
1282.718,0.8,800.0,75.0
1283.448,0.73,730.0,82.1917808219178
1284.207,0.759,759.0,79.05138339920948
1285.024,0.817,817.0,73.43941248470013
1285.783,0.759,759.0,79.05138339920948
1286.5,0.717,717.0,83.68200836820084
1287.273,0.773,773.0,77.61966364812419
1288.093,0.82,820.0,73.17073170731707
1288.878,0.785,785.0,76.43312101910827
1289.603,0.725,725.0,82.75862068965517
1290.417,0.814,814.0,73.71007371007371
1291.287,0.87,870.0,68.9655172413793
1292.059,0.772,772.0,77.720207253886
1292.83,0.771,771.0,77.82101167315176
1293.693,0.863,863.0,69.52491309385863
1294.525,0.832,832.0,72.11538461538461
1295.271,0.746,746.0,80.4289544235925
1296.103,0.832,832.0,72.11538461538461
1296.987,0.884,884.0,67.87330316742081
1297.778,0.791,791.0,75.85335018963337
1298.538,0.76,760.0,78.94736842105263
1299.317,0.779,779.0,77.02182284980745
1300.052,0.735,735.0,81.63265306122449
1300.736,0.684,684.0,87.71929824561403
1301.446,0.71,710.0,84.50704225352113
1302.272,0.826,826.0,72.63922518159806
1303.035,0.763,763.0,78.63695937090432
1303.739,0.704,704.0,85.22727272727273
1304.501,0.762,762.0,78.74015748031496
1305.32,0.819,819.0,73.26007326007327
1306.078,0.758,758.0,79.15567282321899
1306.802,0.724,724.0,82.87292817679558
1307.675,0.873,873.0,68.72852233676976
1308.495,0.82,820.0,73.17073170731707
1309.217,0.722,722.0,83.10249307479225
1309.914,0.697,697.0,86.08321377331421
1310.653,0.739,739.0,81.19079837618403
1311.459,0.806,806.0,74.44168734491315
1312.238,0.779,779.0,77.02182284980745
1313.075,0.837,837.0,71.68458781362008
1313.96,0.885,885.0,67.79661016949153
1314.807,0.847,847.0,70.83825265643448
1315.555,0.748,748.0,80.21390374331551
1316.331,0.776,776.0,77.31958762886597
1317.146,0.815,815.0,73.61963190184049
1317.932,0.786,786.0,76.33587786259542
1318.687,0.755,755.0,79.47019867549669
1319.51,0.823,823.0,72.90400972053463
1320.372,0.862,862.0,69.60556844547564
1321.153,0.781,781.0,76.82458386683739
1321.945,0.792,792.0,75.75757575757575
1322.838,0.893,893.0,67.18924972004478
1323.686,0.848,848.0,70.75471698113208
1324.425,0.739,739.0,81.19079837618403
1325.174,0.749,749.0,80.1068090787717
1326.023,0.849,849.0,70.67137809187278
1326.89,0.867,867.0,69.20415224913495
1327.688,0.798,798.0,75.18796992481202
1328.523,0.835,835.0,71.8562874251497
1329.413,0.89,890.0,67.41573033707866
1330.222,0.809,809.0,74.1656365883807
1331.107,0.885,885.0,67.79661016949153
1332.027,0.92,920.0,65.21739130434783
1332.843,0.816,816.0,73.52941176470588
1333.656,0.813,813.0,73.80073800738008
1334.56,0.904,904.0,66.3716814159292
1335.373,0.813,813.0,73.80073800738008
1336.102,0.729,729.0,82.3045267489712
1336.917,0.815,815.0,73.61963190184049
1337.814,0.897,897.0,66.88963210702342
1338.61,0.796,796.0,75.37688442211055
1339.385,0.775,775.0,77.41935483870968
1340.289,0.904,904.0,66.3716814159292
1341.197,0.908,908.0,66.07929515418502
1342.015,0.818,818.0,73.34963325183375
1342.887,0.872,872.0,68.80733944954129
1343.815,0.928,928.0,64.6551724137931
1344.638,0.823,823.0,72.90400972053463
1345.442,0.804,804.0,74.62686567164178
1346.389,0.947,947.0,63.35797254487857
1347.337,0.948,948.0,63.291139240506325
1348.184,0.847,847.0,70.83825265643448
1349.091,0.907,907.0,66.1521499448732
1350.04,0.949,949.0,63.224446786090624
1350.861,0.821,821.0,73.0816077953715
1351.749,0.888,888.0,67.56756756756756
1352.707,0.958,958.0,62.63048016701462
1353.612,0.905,905.0,66.29834254143647
1354.412,0.8,800.0,75.0
1355.28,0.868,868.0,69.12442396313365
1356.259,0.979,979.0,61.287027579162405
1357.139,0.88,880.0,68.18181818181819
1357.951,0.812,812.0,73.89162561576353
1358.853,0.902,902.0,66.51884700665188
1359.753,0.9,900.0,66.66666666666667
1360.56,0.807,807.0,74.34944237918215
1361.432,0.872,872.0,68.80733944954129
1362.334,0.902,902.0,66.51884700665188
1363.177,0.843,843.0,71.17437722419929
1364.079,0.902,902.0,66.51884700665188
1365.058,0.979,979.0,61.287027579162405
1366.005,0.947,947.0,63.35797254487857
1366.841,0.836,836.0,71.77033492822967
1367.796,0.955,955.0,62.82722513089005
1368.739,0.943,943.0,63.62672322375398
1369.546,0.807,807.0,74.34944237918215
1370.395,0.849,849.0,70.67137809187278
1371.306,0.911,911.0,65.86169045005488
1372.208,0.902,902.0,66.51884700665188
1372.973,0.765,765.0,78.43137254901961
1373.752,0.779,779.0,77.02182284980745
1374.818,1.066,1066.0,56.28517823639774
1375.849,1.031,1031.0,58.19592628516005
1376.759,0.91,910.0,65.93406593406593
1377.722,0.963,963.0,62.30529595015576
1378.705,0.983,983.0,61.037639877924725
1379.639,0.934,934.0,64.23982869379014
1380.474,0.835,835.0,71.8562874251497
1381.37,0.896,896.0,66.96428571428572
1382.231,0.861,861.0,69.68641114982579
1383.043,0.812,812.0,73.89162561576353
1383.93,0.887,887.0,67.64374295377677
1384.843,0.913,913.0,65.71741511500548
1385.695,0.852,852.0,70.42253521126761
1386.424,0.729,729.0,82.3045267489712
1387.147,0.723,723.0,82.98755186721992
1387.883,0.736,736.0,81.52173913043478
1388.95,1.067,1067.0,56.23242736644799
1389.918,0.968,968.0,61.98347107438017
1390.772,0.854,854.0,70.2576112412178
1391.508,0.736,736.0,81.52173913043478
1392.311,0.803,803.0,74.719800747198
1393.163,0.852,852.0,70.42253521126761
1393.897,0.734,734.0,81.74386920980928
1394.721,0.824,824.0,72.81553398058253
1395.564,0.843,843.0,71.17437722419929
1396.432,0.868,868.0,69.12442396313365
1397.204,0.772,772.0,77.720207253886
1398.113,0.909,909.0,66.00660066006601
1399.072,0.959,959.0,62.565172054223154
1400.008,0.936,936.0,64.1025641025641
1400.867,0.859,859.0,69.84866123399303
1401.788,0.921,921.0,65.14657980456026
1402.72,0.932,932.0,64.37768240343347
1403.59,0.87,870.0,68.9655172413793
1404.528,0.938,938.0,63.96588486140725
1405.471,0.943,943.0,63.62672322375398
1406.335,0.864,864.0,69.44444444444444
1407.247,0.912,912.0,65.78947368421052
1408.204,0.957,957.0,62.69592476489028
1409.125,0.921,921.0,65.14657980456026
1410.019,0.894,894.0,67.11409395973155
1410.962,0.943,943.0,63.62672322375398
1411.896,0.934,934.0,64.23982869379014
1412.733,0.837,837.0,71.68458781362008
1413.661,0.928,928.0,64.6551724137931
1414.603,0.942,942.0,63.69426751592356
1415.436,0.833,833.0,72.02881152460985
1416.364,0.928,928.0,64.6551724137931
1417.317,0.953,953.0,62.95907660020987
1418.167,0.85,850.0,70.58823529411765
1419.094,0.927,927.0,64.72491909385113
1420.035,0.941,941.0,63.76195536663125
1420.883,0.848,848.0,70.75471698113208
1421.795,0.912,912.0,65.78947368421052
1422.732,0.937,937.0,64.03415154749199
1423.613,0.881,881.0,68.1044267877412
1424.487,0.874,874.0,68.64988558352404
1425.394,0.907,907.0,66.1521499448732
1426.268,0.874,874.0,68.64988558352404
1427.087,0.819,819.0,73.26007326007327
1428.003,0.916,916.0,65.50218340611353
1428.941,0.938,938.0,63.96588486140725
1429.801,0.86,860.0,69.76744186046513
1430.684,0.883,883.0,67.95016987542469
1431.602,0.918,918.0,65.359477124183
1432.474,0.872,872.0,68.80733944954129
1433.228,0.754,754.0,79.57559681697613
1434.085,0.857,857.0,70.01166861143524
1435.009,0.924,924.0,64.93506493506493
1435.94,0.931,931.0,64.4468313641246
1436.794,0.854,854.0,70.2576112412178
1437.702,0.908,908.0,66.07929515418502
1438.648,0.946,946.0,63.424947145877375
1439.566,0.918,918.0,65.359477124183
1440.404,0.838,838.0,71.59904534606206
1441.294,0.89,890.0,67.41573033707866
1442.223,0.929,929.0,64.58557588805166
1443.108,0.885,885.0,67.79661016949153
1443.986,0.878,878.0,68.3371298405467
1444.893,0.907,907.0,66.1521499448732
1445.785,0.892,892.0,67.26457399103138
1446.573,0.788,788.0,76.14213197969544
1447.489,0.916,916.0,65.50218340611353
1448.436,0.947,947.0,63.35797254487857
1449.338,0.902,902.0,66.51884700665188
1450.248,0.91,910.0,65.93406593406593
1451.203,0.955,955.0,62.82722513089005
1452.129,0.926,926.0,64.79481641468682
1452.944,0.815,815.0,73.61963190184049
1453.84,0.896,896.0,66.96428571428572
1454.768,0.928,928.0,64.6551724137931
1455.672,0.904,904.0,66.3716814159292
1456.478,0.806,806.0,74.44168734491315
1457.385,0.907,907.0,66.1521499448732
1458.337,0.952,952.0,63.02521008403362
1459.248,0.911,911.0,65.86169045005488
1460.078,0.83,830.0,72.28915662650603
1460.97,0.892,892.0,67.26457399103138
1461.918,0.948,948.0,63.291139240506325
1462.777,0.859,859.0,69.84866123399303
1463.637,0.86,860.0,69.76744186046513
1464.499,0.862,862.0,69.60556844547564
1465.348,0.849,849.0,70.67137809187278
1466.104,0.756,756.0,79.36507936507937
1466.938,0.834,834.0,71.94244604316548
1467.776,0.838,838.0,71.59904534606206
1468.635,0.859,859.0,69.84866123399303
1469.429,0.794,794.0,75.56675062972292
1470.279,0.85,850.0,70.58823529411765
1471.206,0.927,927.0,64.72491909385113
1472.096,0.89,890.0,67.41573033707866
1472.908,0.812,812.0,73.89162561576353
1473.755,0.847,847.0,70.83825265643448
1474.615,0.86,860.0,69.76744186046513
1475.419,0.804,804.0,74.62686567164178
1476.165,0.746,746.0,80.4289544235925
1477.002,0.837,837.0,71.68458781362008
1477.856,0.854,854.0,70.2576112412178
1478.645,0.789,789.0,76.04562737642584
1479.449,0.804,804.0,74.62686567164178
1480.304,0.855,855.0,70.17543859649122
1481.142,0.838,838.0,71.59904534606206
1481.881,0.739,739.0,81.19079837618403
1482.737,0.856,856.0,70.09345794392523
1483.591,0.854,854.0,70.2576112412178
1484.427,0.836,836.0,71.77033492822967
1485.154,0.727,727.0,82.53094910591473
1485.972,0.818,818.0,73.34963325183375
1486.782,0.81,810.0,74.07407407407408
1487.529,0.747,747.0,80.32128514056225
1488.305,0.776,776.0,77.31958762886597
1489.113,0.808,808.0,74.25742574257426
1489.937,0.824,824.0,72.81553398058253
1490.67,0.733,733.0,81.85538881309687
1491.48,0.81,810.0,74.07407407407408
1492.325,0.845,845.0,71.00591715976331
1493.145,0.82,820.0,73.17073170731707
1493.863,0.718,718.0,83.56545961002786
1494.668,0.805,805.0,74.53416149068322
1495.486,0.818,818.0,73.34963325183375
1496.264,0.778,778.0,77.12082262210797
1496.965,0.701,701.0,85.59201141226819
1497.77,0.805,805.0,74.53416149068322
1498.579,0.809,809.0,74.1656365883807
1499.321,0.742,742.0,80.86253369272237
1500.037,0.716,716.0,83.79888268156424
1500.844,0.807,807.0,74.34944237918215
1501.574,0.73,730.0,82.1917808219178
1502.296,0.722,722.0,83.10249307479225
1502.999,0.703,703.0,85.348506401138
1503.764,0.765,765.0,78.43137254901961
1504.538,0.774,774.0,77.51937984496124
1505.239,0.701,701.0,85.59201141226819
1506.01,0.771,771.0,77.82101167315176
1506.796,0.786,786.0,76.33587786259542
1507.5,0.704,704.0,85.22727272727273
1508.161,0.661,661.0,90.7715582450832
1508.824,0.663,663.0,90.49773755656108
1509.524,0.7,700.0,85.71428571428572
1510.305,0.781,781.0,76.82458386683739
1511.111,0.806,806.0,74.44168734491315
1511.887,0.776,776.0,77.31958762886597
1512.693,0.806,806.0,74.44168734491315
1513.527,0.834,834.0,71.94244604316548
1514.295,0.768,768.0,78.125
1514.994,0.699,699.0,85.83690987124464
1515.764,0.77,770.0,77.92207792207792
1516.546,0.782,782.0,76.72634271099744
1517.313,0.767,767.0,78.22685788787484
1518.027,0.714,714.0,84.03361344537817
1518.836,0.809,809.0,74.1656365883807
1519.659,0.823,823.0,72.90400972053463
1520.483,0.824,824.0,72.81553398058253
1521.263,0.78,780.0,76.92307692307692
1522.077,0.814,814.0,73.71007371007371
1522.935,0.858,858.0,69.93006993006993
1523.807,0.872,872.0,68.80733944954129
1524.623,0.816,816.0,73.52941176470588
1525.426,0.803,803.0,74.719800747198
1526.27,0.844,844.0,71.09004739336493
1527.105,0.835,835.0,71.8562874251497
1527.859,0.754,754.0,79.57559681697613
1528.67,0.811,811.0,73.98273736128236
1529.485,0.815,815.0,73.61963190184049
1530.307,0.822,822.0,72.99270072992701
1531.081,0.774,774.0,77.51937984496124
1531.889,0.808,808.0,74.25742574257426
1532.727,0.838,838.0,71.59904534606206
1533.576,0.849,849.0,70.67137809187278
1534.364,0.788,788.0,76.14213197969544
1535.153,0.789,789.0,76.04562737642584
1536.007,0.854,854.0,70.2576112412178
1536.861,0.854,854.0,70.2576112412178
1537.621,0.76,760.0,78.94736842105263
1538.403,0.782,782.0,76.72634271099744
1539.211,0.808,808.0,74.25742574257426
1540.023,0.812,812.0,73.89162561576353
1540.729,0.706,706.0,84.985835694051
1541.497,0.768,768.0,78.125
1542.289,0.792,792.0,75.75757575757575
1543.112,0.823,823.0,72.90400972053463
1543.84,0.728,728.0,82.41758241758242
1544.601,0.761,761.0,78.84362680683311
1545.452,0.851,851.0,70.50528789659224
1546.317,0.865,865.0,69.36416184971098
1547.103,0.786,786.0,76.33587786259542
1547.853,0.75,750.0,80.0
1548.685,0.832,832.0,72.11538461538461
1549.494,0.809,809.0,74.1656365883807
1550.23,0.736,736.0,81.52173913043478
1550.992,0.762,762.0,78.74015748031496
1551.791,0.799,799.0,75.09386733416771
1552.624,0.833,833.0,72.02881152460985
1553.381,0.757,757.0,79.26023778071334
1554.148,0.767,767.0,78.22685788787484
1554.942,0.794,794.0,75.56675062972292
1555.757,0.815,815.0,73.61963190184049
1556.489,0.732,732.0,81.9672131147541
1557.259,0.77,770.0,77.92207792207792
1558.048,0.789,789.0,76.04562737642584
1558.864,0.816,816.0,73.52941176470588
1559.627,0.763,763.0,78.63695937090432
1560.352,0.725,725.0,82.75862068965517
1561.221,0.869,869.0,69.04487917146145
1562.074,0.853,853.0,70.33997655334116
1562.867,0.793,793.0,75.66204287515762
1563.648,0.781,781.0,76.82458386683739
1564.458,0.81,810.0,74.07407407407408
1565.29,0.832,832.0,72.11538461538461
1566.04,0.75,750.0,80.0
1566.836,0.796,796.0,75.37688442211055
1567.673,0.837,837.0,71.68458781362008
1568.531,0.858,858.0,69.93006993006993
1569.312,0.781,781.0,76.82458386683739
1570.126,0.814,814.0,73.71007371007371
1570.971,0.845,845.0,71.00591715976331
1571.796,0.825,825.0,72.72727272727273
1572.536,0.74,740.0,81.08108108108108
1573.407,0.871,871.0,68.88633754305395
1574.282,0.875,875.0,68.57142857142857
1575.096,0.814,814.0,73.71007371007371
1575.913,0.817,817.0,73.43941248470013
1576.776,0.863,863.0,69.52491309385863
1577.639,0.863,863.0,69.52491309385863
1578.385,0.746,746.0,80.4289544235925
1579.217,0.832,832.0,72.11538461538461
1580.087,0.87,870.0,68.9655172413793
1580.943,0.856,856.0,70.09345794392523
1581.735,0.792,792.0,75.75757575757575
1582.585,0.85,850.0,70.58823529411765
1583.466,0.881,881.0,68.1044267877412
1584.28,0.814,814.0,73.71007371007371
1585.093,0.813,813.0,73.80073800738008
1585.971,0.878,878.0,68.3371298405467
1586.865,0.894,894.0,67.11409395973155
1587.678,0.813,813.0,73.80073800738008
1588.53,0.852,852.0,70.42253521126761
1589.425,0.895,895.0,67.0391061452514
1590.304,0.879,879.0,68.25938566552901
1591.076,0.772,772.0,77.720207253886
1591.933,0.857,857.0,70.01166861143524
1592.783,0.85,850.0,70.58823529411765
1593.533,0.75,750.0,80.0
1594.215,0.682,682.0,87.97653958944281
1594.923,0.708,708.0,84.74576271186442
1595.727,0.804,804.0,74.62686567164178
1596.562,0.835,835.0,71.8562874251497
1597.46,0.898,898.0,66.81514476614699
1598.285,0.825,825.0,72.72727272727273
1599.094,0.809,809.0,74.1656365883807
1599.929,0.835,835.0,71.8562874251497
1600.781,0.852,852.0,70.42253521126761
1601.538,0.757,757.0,79.26023778071334
1602.286,0.748,748.0,80.21390374331551
1603.124,0.838,838.0,71.59904534606206
1603.974,0.85,850.0,70.58823529411765
1604.803,0.829,829.0,72.37635705669481
1605.537,0.734,734.0,81.74386920980928
1606.378,0.841,841.0,71.3436385255648
1607.232,0.854,854.0,70.2576112412178
1608.088,0.856,856.0,70.09345794392523
1608.868,0.78,780.0,76.92307692307692
1609.682,0.814,814.0,73.71007371007371
1610.523,0.841,841.0,71.3436385255648
1611.402,0.879,879.0,68.25938566552901
1612.215,0.813,813.0,73.80073800738008
1613.056,0.841,841.0,71.3436385255648
1613.948,0.892,892.0,67.26457399103138
1614.847,0.899,899.0,66.74082313681868
1615.641,0.794,794.0,75.56675062972292
1616.451,0.81,810.0,74.07407407407408
1617.294,0.843,843.0,71.17437722419929
1618.194,0.9,900.0,66.66666666666667
1619.076,0.882,882.0,68.02721088435374
1619.982,0.906,906.0,66.2251655629139
1620.905,0.923,923.0,65.00541711809318
1621.811,0.906,906.0,66.2251655629139
1622.649,0.838,838.0,71.59904534606206
1623.506,0.857,857.0,70.01166861143524
1624.427,0.921,921.0,65.14657980456026
1625.348,0.921,921.0,65.14657980456026
1626.161,0.813,813.0,73.80073800738008
1627.014,0.853,853.0,70.33997655334116
1627.901,0.887,887.0,67.64374295377677
1628.791,0.89,890.0,67.41573033707866
1629.606,0.815,815.0,73.61963190184049
1630.51,0.904,904.0,66.3716814159292
1631.422,0.912,912.0,65.78947368421052
1632.282,0.86,860.0,69.76744186046513
1633.174,0.892,892.0,67.26457399103138
1634.086,0.912,912.0,65.78947368421052
1635.002,0.916,916.0,65.50218340611353
1635.801,0.799,799.0,75.09386733416771
1636.701,0.9,900.0,66.66666666666667
1637.616,0.915,915.0,65.57377049180327
1638.466,0.85,850.0,70.58823529411765
1639.337,0.871,871.0,68.88633754305395
1640.242,0.905,905.0,66.29834254143647
1641.15,0.908,908.0,66.07929515418502
1641.987,0.837,837.0,71.68458781362008
1642.892,0.905,905.0,66.29834254143647
1643.821,0.929,929.0,64.58557588805166
1644.712,0.891,891.0,67.34006734006734
1645.472,0.76,760.0,78.94736842105263
1646.343,0.871,871.0,68.88633754305395
1647.187,0.844,844.0,71.09004739336493
1647.991,0.804,804.0,74.62686567164178
1648.777,0.786,786.0,76.33587786259542
1649.632,0.855,855.0,70.17543859649122
1650.52,0.888,888.0,67.56756756756756
1651.331,0.811,811.0,73.98273736128236
1652.181,0.85,850.0,70.58823529411765
1653.061,0.88,880.0,68.18181818181819
1653.954,0.893,893.0,67.18924972004478
1654.754,0.8,800.0,75.0
1655.625,0.871,871.0,68.88633754305395
1656.503,0.878,878.0,68.3371298405467
1657.367,0.864,864.0,69.44444444444444
1658.13,0.763,763.0,78.63695937090432
1658.991,0.861,861.0,69.68641114982579
1659.884,0.893,893.0,67.18924972004478
1660.792,0.908,908.0,66.07929515418502
1661.638,0.846,846.0,70.92198581560284
1662.534,0.896,896.0,66.96428571428572
1663.44,0.906,906.0,66.2251655629139
1664.305,0.865,865.0,69.36416184971098
1665.174,0.869,869.0,69.04487917146145
1666.066,0.892,892.0,67.26457399103138
1666.943,0.877,877.0,68.41505131128848
1667.739,0.796,796.0,75.37688442211055
1668.617,0.878,878.0,68.3371298405467
1669.535,0.918,918.0,65.359477124183
1670.431,0.896,896.0,66.96428571428572
1671.262,0.831,831.0,72.20216606498195
1672.158,0.896,896.0,66.96428571428572
1673.059,0.901,901.0,66.59267480577137
1673.889,0.83,830.0,72.28915662650603
1674.704,0.815,815.0,73.61963190184049
1675.56,0.856,856.0,70.09345794392523
1676.432,0.872,872.0,68.80733944954129
1677.234,0.802,802.0,74.81296758104737
1678.048,0.814,814.0,73.71007371007371
1678.91,0.862,862.0,69.60556844547564
1679.783,0.873,873.0,68.72852233676976
1680.591,0.808,808.0,74.25742574257426
1681.465,0.874,874.0,68.64988558352404
1682.373,0.908,908.0,66.07929515418502
1683.257,0.884,884.0,67.87330316742081
1684.086,0.829,829.0,72.37635705669481
1684.903,0.817,817.0,73.43941248470013
1685.732,0.829,829.0,72.37635705669481
1686.573,0.841,841.0,71.3436385255648
1687.333,0.76,760.0,78.94736842105263
1688.184,0.851,851.0,70.50528789659224
1689.062,0.878,878.0,68.3371298405467
1689.955,0.893,893.0,67.18924972004478
1690.768,0.813,813.0,73.80073800738008
1691.626,0.858,858.0,69.93006993006993
1692.541,0.915,915.0,65.57377049180327
1693.417,0.876,876.0,68.4931506849315
1694.175,0.758,758.0,79.15567282321899
1695.023,0.848,848.0,70.75471698113208
1695.9,0.877,877.0,68.41505131128848
1696.753,0.853,853.0,70.33997655334116
1697.504,0.751,751.0,79.89347536617844
1698.361,0.857,857.0,70.01166861143524
1699.21,0.849,849.0,70.67137809187278
1699.984,0.774,774.0,77.51937984496124
1700.822,0.838,838.0,71.59904534606206
1701.673,0.851,851.0,70.50528789659224
1702.552,0.879,879.0,68.25938566552901
1703.324,0.772,772.0,77.720207253886
1704.141,0.817,817.0,73.43941248470013
1704.966,0.825,825.0,72.72727272727273
1705.821,0.855,855.0,70.17543859649122
1706.645,0.824,824.0,72.81553398058253
1707.492,0.847,847.0,70.83825265643448
1708.392,0.9,900.0,66.66666666666667
1709.323,0.931,931.0,64.4468313641246
1710.208,0.885,885.0,67.79661016949153
1711.084,0.876,876.0,68.4931506849315
1712.003,0.919,919.0,65.28835690968444
1712.917,0.914,914.0,65.64551422319474
1713.76,0.843,843.0,71.17437722419929
1714.603,0.843,843.0,71.17437722419929
1715.517,0.914,914.0,65.64551422319474
1716.46,0.943,943.0,63.62672322375398
1717.326,0.866,866.0,69.28406466512702
1718.206,0.88,880.0,68.18181818181819
1719.117,0.911,911.0,65.86169045005488
1720.034,0.917,917.0,65.43075245365321
1720.881,0.847,847.0,70.83825265643448
1721.745,0.864,864.0,69.44444444444444
1722.654,0.909,909.0,66.00660066006601
1723.541,0.887,887.0,67.64374295377677
1724.35,0.809,809.0,74.1656365883807
1725.205,0.855,855.0,70.17543859649122
1726.099,0.894,894.0,67.11409395973155
1726.998,0.899,899.0,66.74082313681868
1727.792,0.794,794.0,75.56675062972292
1728.678,0.886,886.0,67.72009029345372
1729.556,0.878,878.0,68.3371298405467
1730.41,0.854,854.0,70.2576112412178
1731.181,0.771,771.0,77.82101167315176
1732.024,0.843,843.0,71.17437722419929
1732.863,0.839,839.0,71.51370679380214
1733.677,0.814,814.0,73.71007371007371
1734.426,0.749,749.0,80.1068090787717
1735.214,0.788,788.0,76.14213197969544
1736.049,0.835,835.0,71.8562874251497
1736.917,0.868,868.0,69.12442396313365
1737.73,0.813,813.0,73.80073800738008
1738.463,0.733,733.0,81.85538881309687
1739.295,0.832,832.0,72.11538461538461
1740.152,0.857,857.0,70.01166861143524
1741.021,0.869,869.0,69.04487917146145
1741.829,0.808,808.0,74.25742574257426
1742.663,0.834,834.0,71.94244604316548
1743.519,0.856,856.0,70.09345794392523
1744.353,0.834,834.0,71.94244604316548
1745.138,0.785,785.0,76.43312101910827
1745.926,0.788,788.0,76.14213197969544
1746.774,0.848,848.0,70.75471698113208
1747.607,0.833,833.0,72.02881152460985
1748.377,0.77,770.0,77.92207792207792
1749.133,0.756,756.0,79.36507936507937
1749.953,0.82,820.0,73.17073170731707
1750.787,0.834,834.0,71.94244604316548
1751.569,0.782,782.0,76.72634271099744
1752.322,0.753,753.0,79.6812749003984
1753.177,0.855,855.0,70.17543859649122
1754.067,0.89,890.0,67.41573033707866
1754.866,0.799,799.0,75.09386733416771
1755.632,0.766,766.0,78.3289817232376
1756.462,0.83,830.0,72.28915662650603
1757.295,0.833,833.0,72.02881152460985
1758.045,0.75,750.0,80.0
1758.796,0.751,751.0,79.89347536617844
1759.602,0.806,806.0,74.44168734491315
1760.417,0.815,815.0,73.61963190184049
1761.118,0.701,701.0,85.59201141226819
1761.763,0.645,645.0,93.02325581395348
1762.426,0.663,663.0,90.49773755656108
1763.297,0.871,871.0,68.88633754305395
1764.11,0.813,813.0,73.80073800738008
1764.838,0.728,728.0,82.41758241758242
1765.619,0.781,781.0,76.82458386683739
1766.433,0.814,814.0,73.71007371007371
1767.263,0.83,830.0,72.28915662650603
1768.02,0.757,757.0,79.26023778071334
1768.768,0.748,748.0,80.21390374331551
1769.588,0.82,820.0,73.17073170731707
1770.437,0.849,849.0,70.67137809187278
1771.198,0.761,761.0,78.84362680683311
1771.925,0.727,727.0,82.53094910591473
1772.782,0.857,857.0,70.01166861143524
1773.67,0.888,888.0,67.56756756756756
1774.477,0.807,807.0,74.34944237918215
1775.285,0.808,808.0,74.25742574257426
1776.181,0.896,896.0,66.96428571428572
1777.079,0.898,898.0,66.81514476614699
1777.874,0.795,795.0,75.47169811320754
1778.683,0.809,809.0,74.1656365883807
1779.543,0.86,860.0,69.76744186046513
1780.414,0.871,871.0,68.88633754305395
1781.239,0.825,825.0,72.72727272727273
1782.05,0.811,811.0,73.98273736128236
1782.94,0.89,890.0,67.41573033707866
1783.839,0.899,899.0,66.74082313681868
1784.65,0.811,811.0,73.98273736128236
1785.48,0.83,830.0,72.28915662650603
1786.351,0.871,871.0,68.88633754305395
1787.211,0.86,860.0,69.76744186046513
1788.0,0.789,789.0,76.04562737642584
1788.822,0.822,822.0,72.99270072992701
1789.701,0.879,879.0,68.25938566552901
1790.583,0.882,882.0,68.02721088435374
1791.387,0.804,804.0,74.62686567164178
1792.263,0.876,876.0,68.4931506849315
1793.152,0.889,889.0,67.49156355455568
1794.007,0.855,855.0,70.17543859649122
1794.779,0.772,772.0,77.720207253886
1795.623,0.844,844.0,71.09004739336493
1796.509,0.886,886.0,67.72009029345372
1797.343,0.834,834.0,71.94244604316548
1798.151,0.808,808.0,74.25742574257426
1799.09,0.939,939.0,63.89776357827476
1800.035,0.945,945.0,63.4920634920635
1800.874,0.839,839.0,71.51370679380214
1801.735,0.861,861.0,69.68641114982579
1802.631,0.896,896.0,66.96428571428572
1803.527,0.896,896.0,66.96428571428572
1804.288,0.761,761.0,78.84362680683311
1805.146,0.858,858.0,69.93006993006993
1806.091,0.945,945.0,63.4920634920635
1807.046,0.955,955.0,62.82722513089005
1807.886,0.84,840.0,71.42857142857143
1808.818,0.932,932.0,64.37768240343347
1809.784,0.966,966.0,62.11180124223603
1810.695,0.911,911.0,65.86169045005488
1811.512,0.817,817.0,73.43941248470013
1812.406,0.894,894.0,67.11409395973155
1813.36,0.954,954.0,62.89308176100629
1814.237,0.877,877.0,68.41505131128848
1815.094,0.857,857.0,70.01166861143524
1816.017,0.923,923.0,65.00541711809318
1816.956,0.939,939.0,63.89776357827476
1817.797,0.841,841.0,71.3436385255648
1818.698,0.901,901.0,66.59267480577137
1819.663,0.965,965.0,62.176165803108816
1820.607,0.944,944.0,63.55932203389831
1821.461,0.854,854.0,70.2576112412178
1822.438,0.977,977.0,61.41248720573183
1823.404,0.966,966.0,62.11180124223603
1824.268,0.864,864.0,69.44444444444444
1825.172,0.904,904.0,66.3716814159292
1826.125,0.953,953.0,62.95907660020987
1827.057,0.932,932.0,64.37768240343347
1827.87,0.813,813.0,73.80073800738008
1828.768,0.898,898.0,66.81514476614699
1829.707,0.939,939.0,63.89776357827476
1830.609,0.902,902.0,66.51884700665188
1831.505,0.896,896.0,66.96428571428572
1832.498,0.993,993.0,60.42296072507553
1833.473,0.975,975.0,61.53846153846155
1834.316,0.843,843.0,71.17437722419929
1835.104,0.788,788.0,76.14213197969544
1835.94,0.836,836.0,71.77033492822967
1836.805,0.865,865.0,69.36416184971098
1837.64,0.835,835.0,71.8562874251497
1838.524,0.884,884.0,67.87330316742081
1839.439,0.915,915.0,65.57377049180327
1840.319,0.88,880.0,68.18181818181819
1841.096,0.777,777.0,77.22007722007721
1841.961,0.865,865.0,69.36416184971098
1842.812,0.851,851.0,70.50528789659224
1843.655,0.843,843.0,71.17437722419929
1844.409,0.754,754.0,79.57559681697613
1845.247,0.838,838.0,71.59904534606206
1846.107,0.86,860.0,69.76744186046513
1847.009,0.902,902.0,66.51884700665188
1847.829,0.82,820.0,73.17073170731707
1848.666,0.837,837.0,71.68458781362008
1849.548,0.882,882.0,68.02721088435374
1850.444,0.896,896.0,66.96428571428572
1851.281,0.837,837.0,71.68458781362008
1852.103,0.822,822.0,72.99270072992701
1852.981,0.878,878.0,68.3371298405467
1853.878,0.897,897.0,66.88963210702342
1854.73,0.852,852.0,70.42253521126761
1855.598,0.868,868.0,69.12442396313365
1856.525,0.927,927.0,64.72491909385113
1857.455,0.93,930.0,64.51612903225806
1858.31,0.855,855.0,70.17543859649122
1859.18,0.87,870.0,68.9655172413793
1860.072,0.892,892.0,67.26457399103138
1860.976,0.904,904.0,66.3716814159292
1861.804,0.828,828.0,72.46376811594203
1862.681,0.877,877.0,68.41505131128848
1863.578,0.897,897.0,66.88963210702342
1864.488,0.91,910.0,65.93406593406593
1865.334,0.846,846.0,70.92198581560284
1866.254,0.92,920.0,65.21739130434783
1867.192,0.938,938.0,63.96588486140725
1868.116,0.924,924.0,64.93506493506493
1868.937,0.821,821.0,73.0816077953715
1869.842,0.905,905.0,66.29834254143647
1870.77,0.928,928.0,64.6551724137931
1871.708,0.938,938.0,63.96588486140725
1872.557,0.849,849.0,70.67137809187278
1873.456,0.899,899.0,66.74082313681868
1874.387,0.931,931.0,64.4468313641246
1875.303,0.916,916.0,65.50218340611353
1876.1,0.797,797.0,75.28230865746549
1876.996,0.896,896.0,66.96428571428572
1877.927,0.931,931.0,64.4468313641246
1878.862,0.935,935.0,64.17112299465239
1879.705,0.843,843.0,71.17437722419929
1880.605,0.9,900.0,66.66666666666667
1881.547,0.942,942.0,63.69426751592356
1882.462,0.915,915.0,65.57377049180327
1883.311,0.849,849.0,70.67137809187278
1884.237,0.926,926.0,64.79481641468682
1885.178,0.941,941.0,63.76195536663125
1886.095,0.917,917.0,65.43075245365321
1886.928,0.833,833.0,72.02881152460985
1887.84,0.912,912.0,65.78947368421052
1888.777,0.937,937.0,64.03415154749199
1889.672,0.895,895.0,67.0391061452514
1890.446,0.774,774.0,77.51937984496124
1891.182,0.736,736.0,81.52173913043478
1891.987,0.805,805.0,74.53416149068322
1892.832,0.845,845.0,71.00591715976331
1893.61,0.778,778.0,77.12082262210797
1894.299,0.689,689.0,87.08272859216257
1895.022,0.723,723.0,82.98755186721992
1895.846,0.824,824.0,72.81553398058253
1896.754,0.908,908.0,66.07929515418502
1897.65,0.896,896.0,66.96428571428572
1898.439,0.789,789.0,76.04562737642584
1899.253,0.814,814.0,73.71007371007371
1900.107,0.854,854.0,70.2576112412178
1900.977,0.87,870.0,68.9655172413793
1901.789,0.812,812.0,73.89162561576353
1902.582,0.793,793.0,75.66204287515762
1903.487,0.905,905.0,66.29834254143647
1904.409,0.922,922.0,65.07592190889372
1905.252,0.843,843.0,71.17437722419929
1906.098,0.846,846.0,70.92198581560284
1906.958,0.86,860.0,69.76744186046513
1907.843,0.885,885.0,67.79661016949153
1908.628,0.785,785.0,76.43312101910827
1909.476,0.848,848.0,70.75471698113208
1910.383,0.907,907.0,66.1521499448732
1911.299,0.916,916.0,65.50218340611353
1912.126,0.827,827.0,72.55139056831923
1913.006,0.88,880.0,68.18181818181819
1913.917,0.911,911.0,65.86169045005488
1914.836,0.919,919.0,65.28835690968444
1915.69,0.854,854.0,70.2576112412178
1916.586,0.896,896.0,66.96428571428572
1917.515,0.929,929.0,64.58557588805166
1918.428,0.913,913.0,65.71741511500548
1919.249,0.821,821.0,73.0816077953715
1920.098,0.849,849.0,70.67137809187278
1920.982,0.884,884.0,67.87330316742081
1921.905,0.923,923.0,65.00541711809318
1922.754,0.849,849.0,70.67137809187278
1923.634,0.88,880.0,68.18181818181819
1924.557,0.923,923.0,65.00541711809318
1925.49,0.933,933.0,64.30868167202573
1926.334,0.844,844.0,71.09004739336493
1927.208,0.874,874.0,68.64988558352404
1928.122,0.914,914.0,65.64551422319474
1929.052,0.93,930.0,64.51612903225806
1929.887,0.835,835.0,71.8562874251497
1930.76,0.873,873.0,68.72852233676976
1931.673,0.913,913.0,65.71741511500548
1932.602,0.929,929.0,64.58557588805166
1933.456,0.854,854.0,70.2576112412178
1934.336,0.88,880.0,68.18181818181819
1935.284,0.948,948.0,63.291139240506325
1936.213,0.929,929.0,64.58557588805166
1937.07,0.857,857.0,70.01166861143524
1937.841,0.771,771.0,77.82101167315176
1938.64,0.799,799.0,75.09386733416771
1939.491,0.851,851.0,70.50528789659224
1940.406,0.915,915.0,65.57377049180327
1941.26,0.854,854.0,70.2576112412178
1942.159,0.899,899.0,66.74082313681868
1943.1,0.941,941.0,63.76195536663125
1944.038,0.938,938.0,63.96588486140725
1944.907,0.869,869.0,69.04487917146145
1945.804,0.897,897.0,66.88963210702342
1946.726,0.922,922.0,65.07592190889372
1947.671,0.945,945.0,63.4920634920635
1948.549,0.878,878.0,68.3371298405467
1949.406,0.857,857.0,70.01166861143524
1950.34,0.934,934.0,64.23982869379014
1951.297,0.957,957.0,62.69592476489028
1952.21,0.913,913.0,65.71741511500548
1953.168,0.958,958.0,62.63048016701462
1954.158,0.99,990.0,60.60606060606061
1955.105,0.947,947.0,63.35797254487857
1955.98,0.875,875.0,68.57142857142857
1956.869,0.889,889.0,67.49156355455568
1957.766,0.897,897.0,66.88963210702342
1958.667,0.901,901.0,66.59267480577137
1959.485,0.818,818.0,73.34963325183375
1960.38,0.895,895.0,67.0391061452514
1961.298,0.918,918.0,65.359477124183
1962.238,0.94,940.0,63.82978723404256
1963.119,0.881,881.0,68.1044267877412
1964.048,0.929,929.0,64.58557588805166
1965.009,0.961,961.0,62.434963579604585
1965.95,0.941,941.0,63.76195536663125
1966.736,0.786,786.0,76.33587786259542
1967.455,0.719,719.0,83.44923504867873
1968.182,0.727,727.0,82.53094910591473
1969.012,0.83,830.0,72.28915662650603
1969.906,0.894,894.0,67.11409395973155
1970.711,0.805,805.0,74.53416149068322
1971.42,0.709,709.0,84.6262341325811
1972.204,0.784,784.0,76.53061224489795
1973.068,0.864,864.0,69.44444444444444
1973.966,0.898,898.0,66.81514476614699
1974.863,0.897,897.0,66.88963210702342
1975.688,0.825,825.0,72.72727272727273
1976.501,0.813,813.0,73.80073800738008
1977.388,0.887,887.0,67.64374295377677
1978.294,0.906,906.0,66.2251655629139
1979.187,0.893,893.0,67.18924972004478
1980.008,0.821,821.0,73.0816077953715
1980.865,0.857,857.0,70.01166861143524
1981.807,0.942,942.0,63.69426751592356
1982.739,0.932,932.0,64.37768240343347
1983.546,0.807,807.0,74.34944237918215
1984.395,0.849,849.0,70.67137809187278
1985.242,0.847,847.0,70.83825265643448
1986.066,0.824,824.0,72.81553398058253
1986.763,0.697,697.0,86.08321377331421
1987.449,0.686,686.0,87.46355685131195
1988.162,0.713,713.0,84.15147265077138
1989.149,0.987,987.0,60.79027355623101
1990.075,0.926,926.0,64.79481641468682
1990.96,0.885,885.0,67.79661016949153
1991.873,0.913,913.0,65.71741511500548
1992.772,0.899,899.0,66.74082313681868
1993.569,0.797,797.0,75.28230865746549
1994.431,0.862,862.0,69.60556844547564
1995.312,0.881,881.0,68.1044267877412
1996.218,0.906,906.0,66.2251655629139
1997.08,0.862,862.0,69.60556844547564
1997.989,0.909,909.0,66.00660066006601
1998.898,0.909,909.0,66.00660066006601
1999.736,0.838,838.0,71.59904534606206
2000.581,0.845,845.0,71.00591715976331
2001.438,0.857,857.0,70.01166861143524
2002.334,0.896,896.0,66.96428571428572
2003.116,0.782,782.0,76.72634271099744
2003.84,0.724,724.0,82.87292817679558
2004.667,0.827,827.0,72.55139056831923
2005.556,0.889,889.0,67.49156355455568
2006.468,0.912,912.0,65.78947368421052
2007.322,0.854,854.0,70.2576112412178
2008.18,0.858,858.0,69.93006993006993
2009.021,0.841,841.0,71.3436385255648
2009.855,0.834,834.0,71.94244604316548
2010.62,0.765,765.0,78.43137254901961
2011.428,0.808,808.0,74.25742574257426
2012.269,0.841,841.0,71.3436385255648
2013.191,0.922,922.0,65.07592190889372
2014.147,0.956,956.0,62.76150627615063
2015.025,0.878,878.0,68.3371298405467
2015.933,0.908,908.0,66.07929515418502
2016.814,0.881,881.0,68.1044267877412
2017.64,0.826,826.0,72.63922518159806
2018.347,0.707,707.0,84.86562942008487
2019.126,0.779,779.0,77.02182284980745
2019.966,0.84,840.0,71.42857142857143
2020.766,0.8,800.0,75.0
2021.508,0.742,742.0,80.86253369272237
2022.245,0.737,737.0,81.4111261872456
2023.036,0.791,791.0,75.85335018963337
2023.902,0.866,866.0,69.28406466512702
2024.801,0.899,899.0,66.74082313681868
2025.71,0.909,909.0,66.00660066006601
2026.652,0.942,942.0,63.69426751592356
2027.612,0.96,960.0,62.50000000000001
2028.547,0.935,935.0,64.17112299465239
2029.402,0.855,855.0,70.17543859649122
2030.291,0.889,889.0,67.49156355455568
2031.189,0.898,898.0,66.81514476614699
2032.099,0.91,910.0,65.93406593406593
2032.903,0.804,804.0,74.62686567164178
2033.762,0.859,859.0,69.84866123399303
2034.635,0.873,873.0,68.72852233676976
2035.539,0.904,904.0,66.3716814159292
2036.401,0.862,862.0,69.60556844547564
2037.312,0.911,911.0,65.86169045005488
2038.25,0.938,938.0,63.96588486140725
2039.185,0.935,935.0,64.17112299465239
2040.045,0.86,860.0,69.76744186046513
2040.945,0.9,900.0,66.66666666666667
2041.861,0.916,916.0,65.50218340611353
2042.773,0.912,912.0,65.78947368421052
2043.596,0.823,823.0,72.90400972053463
2044.312,0.716,716.0,83.79888268156424
2045.141,0.829,829.0,72.37635705669481
2046.074,0.933,933.0,64.30868167202573
2047.052,0.978,978.0,61.34969325153374
2047.943,0.891,891.0,67.34006734006734
2048.841,0.898,898.0,66.81514476614699
2049.779,0.938,938.0,63.96588486140725
2050.726,0.947,947.0,63.35797254487857
2051.598,0.872,872.0,68.80733944954129
2052.499,0.901,901.0,66.59267480577137
2053.417,0.918,918.0,65.359477124183
2054.366,0.949,949.0,63.224446786090624
2055.216,0.85,850.0,70.58823529411765
2055.964,0.748,748.0,80.21390374331551
2056.777,0.813,813.0,73.80073800738008
2057.66,0.883,883.0,67.95016987542469
2058.576,0.916,916.0,65.50218340611353
2059.386,0.81,810.0,74.07407407407408
2060.076,0.69,690.0,86.95652173913045
2060.767,0.691,691.0,86.83068017366136
2061.464,0.697,697.0,86.08321377331421
2062.154,0.69,690.0,86.95652173913045
2062.843,0.689,689.0,87.08272859216257
2063.512,0.669,669.0,89.68609865470852
2064.248,0.736,736.0,81.52173913043478
2065.169,0.921,921.0,65.14657980456026
2065.942,0.773,773.0,77.61966364812419
2066.683,0.741,741.0,80.97165991902834
2067.525,0.842,842.0,71.25890736342042
2068.405,0.88,880.0,68.18181818181819
2069.28,0.875,875.0,68.57142857142857
2070.161,0.881,881.0,68.1044267877412
2071.046,0.885,885.0,67.79661016949153
2071.872,0.826,826.0,72.63922518159806
2072.73,0.858,858.0,69.93006993006993
2073.666,0.936,936.0,64.1025641025641
2074.624,0.958,958.0,62.63048016701462
2075.523,0.899,899.0,66.74082313681868
2076.471,0.948,948.0,63.291139240506325
2077.457,0.986,986.0,60.851926977687626
2078.418,0.961,961.0,62.434963579604585
2079.333,0.915,915.0,65.57377049180327
2080.319,0.986,986.0,60.851926977687626
2081.324,1.005,1005.0,59.70149253731344
2082.236,0.912,912.0,65.78947368421052
2083.209,0.973,973.0,61.664953751284685
2084.206,0.997,997.0,60.18054162487462
2085.202,0.996,996.0,60.24096385542169
2086.122,0.92,920.0,65.21739130434783
2087.107,0.985,985.0,60.91370558375634
2088.111,1.004,1004.0,59.7609561752988
2089.067,0.956,956.0,62.76150627615063
2090.019,0.952,952.0,63.02521008403362
2091.008,0.989,989.0,60.66734074823054
2092.003,0.995,995.0,60.30150753768844
2092.853,0.85,850.0,70.58823529411765
2093.638,0.785,785.0,76.43312101910827
2094.617,0.979,979.0,61.287027579162405
2095.621,1.004,1004.0,59.7609561752988
2096.624,1.003,1003.0,59.82053838484547
2097.524,0.9,900.0,66.66666666666667
2098.49,0.966,966.0,62.11180124223603
2099.487,0.997,997.0,60.18054162487462
